<?xml version="1.0" encoding="UTF-8"?>
<databaseChangeLog
        xmlns:xsi="http://www.w3.org/2001/XMLSchema-instance"
        xmlns:ext="http://www.liquibase.org/xml/ns/dbchangelog-ext"
        xmlns="http://www.liquibase.org/xml/ns/dbchangelog"
        xsi:schemaLocation="http://www.liquibase.org/xml/ns/dbchangelog http://www.liquibase.org/xml/ns/dbchangelog/dbchangelog-3.1.xsd
    http://www.liquibase.org/xml/ns/dbchangelog-ext http://www.liquibase.org/xml/ns/dbchangelog/dbchangelog-ext.xsd">

    <changeSet author="Raskopova" id="1">
        <createTable tableName="tasks">
            <column autoIncrement="true" name="id" type="INTEGER">
                <constraints nullable="false" primaryKey="true" primaryKeyName="tasks_pk"/>
            </column>
            <column name="order_number" type="INTEGER">
            </column>
            <column name="task_date" type="TIMESTAMP">
            <constraints nullable="false"/>
        </column>
        <column name="status" type="VARCHAR(20)"/>
        <column name="call_comment" type="VARCHAR(100)"/>
        </createTable>
        <rollback>
            <dropTable tableName="tasks"/>
        </rollback>
    </changeSet>
</databaseChangeLog>