<?xml version="1.0" encoding="UTF-8"?>
<databaseChangeLog
        xmlns:xsi="http://www.w3.org/2001/XMLSchema-instance"
        xmlns:ext="http://www.liquibase.org/xml/ns/dbchangelog-ext"
        xmlns="http://www.liquibase.org/xml/ns/dbchangelog"
        xsi:schemaLocation="http://www.liquibase.org/xml/ns/dbchangelog http://www.liquibase.org/xml/ns/dbchangelog/dbchangelog-3.1.xsd
    http://www.liquibase.org/xml/ns/dbchangelog-ext http://www.liquibase.org/xml/ns/dbchangelog/dbchangelog-ext.xsd">
    <changeSet author="Raskopova" id="2">
        <insert tableName="tasks">
            <column name="id" valueNumeric="1"/>
            <column name="order_number" value="232"/>
            <column name="task_date" value="2021-01-27 18:33:00"/>
            <column name="status" value="Выполнен"/>
            <column name="call_comment" value="Заказчик готов перенести доставку."/>
        </insert>
        <insert tableName="tasks">
            <column name="id" valueNumeric="2"/>
            <column name="order_number" value="935"/>
            <column name="task_date" value="2021-01-26 18:33:00"/>
            <column name="status" value="Не выполнен"/>
            <column name="call_comment" value="Заказчик не готов перенести доставку."/>
        </insert>
    </changeSet>
</databaseChangeLog>